,Year,Value,Month
0,1880,-0.01,1
1,1881,-0.02,1
2,1882,0.08,1
3,1883,-0.27,1
4,1884,-0.19,1
5,1885,-0.44,1
6,1886,-0.12,1
7,1887,-0.39,1
8,1888,-0.4,1
9,1889,-0.11,1
10,1890,-0.37,1
11,1891,-0.39,1
12,1892,-0.24,1
13,1893,-0.68,1
14,1894,-0.43,1
15,1895,-0.44,1
16,1896,-0.1,1
17,1897,-0.19,1
18,1898,-0.04,1
19,1899,-0.11,1
20,1900,-0.25,1
21,1901,-0.13,1
22,1902,-0.09,1
23,1903,-0.21,1
24,1904,-0.54,1
25,1905,-0.36,1
26,1906,-0.17,1
27,1907,-0.35,1
28,1908,-0.36,1
29,1909,-0.55,1
30,1910,-0.31,1
31,1911,-0.52,1
32,1912,-0.28,1
33,1913,-0.36,1
34,1914,0.09,1
35,1915,-0.14,1
36,1916,-0.18,1
37,1917,-0.43,1
38,1918,-0.21,1
39,1919,-0.24,1
40,1920,-0.12,1
41,1921,-0.06,1
42,1922,-0.32,1
43,1923,-0.22,1
44,1924,-0.25,1
45,1925,-0.32,1
46,1926,0.17,1
47,1927,-0.17,1
48,1928,-0.08,1
49,1929,-0.48,1
50,1930,-0.35,1
51,1931,-0.06,1
52,1932,0.16,1
53,1933,-0.31,1
54,1934,-0.31,1
55,1935,-0.29,1
56,1936,-0.25,1
57,1937,-0.17,1
58,1938,-0.04,1
59,1939,-0.17,1
60,1940,-0.12,1
61,1941,0.18,1
62,1942,0.3,1
63,1943,-0.03,1
64,1944,0.42,1
65,1945,0.16,1
66,1946,0.22,1
67,1947,-0.19,1
68,1948,0.05,1
69,1949,0.12,1
70,1950,-0.28,1
71,1951,-0.29,1
72,1952,0.15,1
73,1953,0.1,1
74,1954,-0.24,1
75,1955,0.09,1
76,1956,-0.18,1
77,1957,-0.12,1
78,1958,0.3,1
79,1959,0.12,1
80,1960,0.0,1
81,1961,0.12,1
82,1962,0.13,1
83,1963,0.04,1
84,1964,0.05,1
85,1965,-0.07,1
86,1966,-0.05,1
87,1967,-0.11,1
88,1968,-0.19,1
89,1969,-0.13,1
90,1970,0.12,1
91,1971,-0.01,1
92,1972,-0.24,1
93,1973,0.26,1
94,1974,-0.19,1
95,1975,0.12,1
96,1976,-0.02,1
97,1977,0.06,1
98,1978,0.16,1
99,1979,0.16,1
100,1980,0.31,1
101,1981,0.47,1
102,1982,0.14,1
103,1983,0.52,1
104,1984,0.29,1
105,1985,0.18,1
106,1986,0.33,1
107,1987,0.32,1
108,1988,0.55,1
109,1989,0.22,1
110,1990,0.37,1
111,1991,0.45,1
112,1992,0.48,1
113,1993,0.39,1
114,1994,0.29,1
115,1995,0.56,1
116,1996,0.27,1
117,1997,0.38,1
118,1998,0.61,1
119,1999,0.5,1
120,2000,0.35,1
121,2001,0.48,1
122,2002,0.7,1
123,2003,0.69,1
124,2004,0.6,1
125,2005,0.63,1
126,2006,0.46,1
127,2007,0.89,1
128,2008,0.28,1
129,2009,0.6,1
130,2010,0.7,1
131,2011,0.47,1
132,2012,0.42,1
133,2013,0.59,1
134,2014,0.7,1
135,2015,0.81,1
0,1880,-0.13,2
1,1881,-0.03,2
2,1882,0.03,2
3,1883,-0.3,2
4,1884,-0.15,2
5,1885,-0.27,2
6,1886,-0.29,2
7,1887,-0.39,2
8,1888,-0.34,2
9,1889,-0.0,2
10,1890,-0.44,2
11,1891,-0.53,2
12,1892,-0.13,2
13,1893,-0.62,2
14,1894,-0.22,2
15,1895,-0.42,2
16,1896,-0.07,2
17,1897,-0.11,2
18,1898,-0.28,2
19,1899,-0.29,2
20,1900,-0.1,2
21,1901,-0.07,2
22,1902,-0.05,2
23,1903,-0.08,2
24,1904,-0.47,2
25,1905,-0.62,2
26,1906,-0.23,2
27,1907,-0.4,2
28,1908,-0.38,2
29,1909,-0.46,2
30,1910,-0.36,2
31,1911,-0.54,2
32,1912,-0.12,2
33,1913,-0.39,2
34,1914,-0.12,2
35,1915,-0.02,2
36,1916,-0.18,2
37,1917,-0.48,2
38,1918,-0.29,2
39,1919,-0.05,2
40,1920,-0.23,2
41,1921,-0.15,2
42,1922,-0.29,2
43,1923,-0.38,2
44,1924,-0.19,2
45,1925,-0.28,2
46,1926,0.08,2
47,1927,-0.19,2
48,1928,-0.14,2
49,1929,-0.55,2
50,1930,-0.21,2
51,1931,-0.23,2
52,1932,-0.18,2
53,1933,-0.32,2
54,1934,-0.02,2
55,1935,0.16,2
56,1936,-0.31,2
57,1937,0.04,2
58,1938,-0.05,2
59,1939,-0.11,2
60,1940,0.05,2
61,1941,0.23,2
62,1942,0.1,2
63,1943,0.17,2
64,1944,0.3,2
65,1945,0.02,2
66,1946,0.09,2
67,1947,-0.08,2
68,1948,-0.1,2
69,1949,-0.15,2
70,1950,-0.24,2
71,1951,-0.41,2
72,1952,0.09,2
73,1953,0.15,2
74,1954,-0.09,2
75,1955,-0.13,2
76,1956,-0.28,2
77,1957,-0.11,2
78,1958,0.21,2
79,1959,0.07,2
80,1960,0.18,2
81,1961,0.18,2
82,1962,0.17,2
83,1963,0.26,2
84,1964,-0.11,2
85,1965,-0.2,2
86,1966,-0.04,2
87,1967,-0.17,2
88,1968,-0.13,2
89,1969,-0.1,2
90,1970,0.23,2
91,1971,-0.22,2
92,1972,-0.16,2
93,1973,0.37,2
94,1974,-0.25,2
95,1975,0.03,2
96,1976,-0.12,2
97,1977,0.24,2
98,1978,0.13,2
99,1979,0.1,2
100,1980,0.35,2
101,1981,0.37,2
102,1982,0.16,2
103,1983,0.49,2
104,1984,0.18,2
105,1985,0.02,2
106,1986,0.28,2
107,1987,0.51,2
108,1988,0.39,2
109,1989,0.31,2
110,1990,0.41,2
111,1991,0.47,2
112,1992,0.45,2
113,1993,0.4,2
114,1994,0.08,2
115,1995,0.69,2
116,1996,0.46,2
117,1997,0.43,2
118,1998,0.87,2
119,1999,0.67,2
120,2000,0.55,2
121,2001,0.4,2
122,2002,0.79,2
123,2003,0.57,2
124,2004,0.73,2
125,2005,0.52,2
126,2006,0.63,2
127,2007,0.67,2
128,2008,0.38,2
129,2009,0.57,2
130,2010,0.71,2
131,2011,0.49,2
132,2012,0.42,2
133,2013,0.64,2
134,2014,0.48,2
135,2015,0.9,2
0,1880,-0.14,3
1,1881,0.02,3
2,1882,0.07,3
3,1883,-0.14,3
4,1884,-0.21,3
5,1885,-0.16,3
6,1886,-0.29,3
7,1887,-0.17,3
8,1888,-0.31,3
9,1889,0.11,3
10,1890,-0.32,3
11,1891,-0.22,3
12,1892,-0.31,3
13,1893,-0.22,3
14,1894,-0.2,3
15,1895,-0.29,3
16,1896,-0.2,3
17,1897,-0.18,3
18,1898,-0.66,3
19,1899,-0.26,3
20,1900,-0.05,3
21,1901,-0.03,3
22,1902,-0.21,3
23,1903,-0.28,3
24,1904,-0.52,3
25,1905,-0.4,3
26,1906,-0.14,3
27,1907,-0.28,3
28,1908,-0.6,3
29,1909,-0.54,3
30,1910,-0.43,3
31,1911,-0.58,3
32,1912,-0.32,3
33,1913,-0.41,3
34,1914,-0.16,3
35,1915,-0.11,3
36,1916,-0.3,3
37,1917,-0.43,3
38,1918,-0.18,3
39,1919,-0.24,3
40,1920,-0.06,3
41,1921,-0.22,3
42,1922,-0.08,3
43,1923,-0.27,3
44,1924,-0.12,3
45,1925,-0.17,3
46,1926,0.08,3
47,1927,-0.26,3
48,1928,-0.26,3
49,1929,-0.27,3
50,1930,-0.05,3
51,1931,-0.01,3
52,1932,-0.18,3
53,1933,-0.25,3
54,1934,-0.26,3
55,1935,-0.15,3
56,1936,-0.21,3
57,1937,-0.18,3
58,1938,0.03,3
59,1939,-0.19,3
60,1940,0.07,3
61,1941,0.1,3
62,1942,0.18,3
63,1943,0.08,3
64,1944,0.37,3
65,1945,0.11,3
66,1946,0.0,3
67,1947,-0.01,3
68,1948,-0.19,3
69,1949,-0.07,3
70,1950,-0.09,3
71,1951,-0.17,3
72,1952,-0.05,3
73,1953,0.15,3
74,1954,-0.09,3
75,1955,-0.31,3
76,1956,-0.2,3
77,1957,-0.07,3
78,1958,0.12,3
79,1959,0.2,3
80,1960,-0.21,3
81,1961,0.16,3
82,1962,0.12,3
83,1963,-0.02,3
84,1964,-0.14,3
85,1965,-0.1,3
86,1966,-0.0,3
87,1967,0.0,3
88,1968,0.15,3
89,1969,0.12,3
90,1970,0.03,3
91,1971,-0.14,3
92,1972,0.0,3
93,1973,0.33,3
94,1974,-0.05,3
95,1975,0.11,3
96,1976,-0.23,3
97,1977,0.31,3
98,1978,0.22,3
99,1979,0.25,3
100,1980,0.24,3
101,1981,0.41,3
102,1982,0.09,3
103,1983,0.43,3
104,1984,0.28,3
105,1985,0.19,3
106,1986,0.3,3
107,1987,0.26,3
108,1988,0.49,3
109,1989,0.34,3
110,1990,0.73,3
111,1991,0.38,3
112,1992,0.44,3
113,1993,0.42,3
114,1994,0.36,3
115,1995,0.47,3
116,1996,0.33,3
117,1997,0.47,3
118,1998,0.64,3
119,1999,0.37,3
120,2000,0.56,3
121,2001,0.63,3
122,2002,0.79,3
123,2003,0.57,3
124,2004,0.7,3
125,2005,0.69,3
126,2006,0.6,3
127,2007,0.67,3
128,2008,0.77,3
129,2009,0.58,3
130,2010,0.85,3
131,2011,0.59,3
132,2012,0.52,3
133,2013,0.62,3
134,2014,0.77,3
135,2015,0.9,3
0,1880,-0.06,4
1,1881,0.06,4
2,1882,-0.13,4
3,1883,-0.18,4
4,1884,-0.19,4
5,1885,-0.27,4
6,1886,-0.18,4
7,1887,-0.2,4
8,1888,-0.18,4
9,1889,0.04,4
10,1890,-0.27,4
11,1891,-0.26,4
12,1892,-0.31,4
13,1893,-0.34,4
14,1894,-0.3,4
15,1895,-0.18,4
16,1896,-0.25,4
17,1897,-0.0,4
18,1898,-0.35,4
19,1899,-0.2,4
20,1900,-0.1,4
21,1901,-0.07,4
22,1902,-0.27,4
23,1903,-0.35,4
24,1904,-0.47,4
25,1905,-0.45,4
26,1906,-0.05,4
27,1907,-0.35,4
28,1908,-0.48,4
29,1909,-0.53,4
30,1910,-0.34,4
31,1911,-0.52,4
32,1912,-0.21,4
33,1913,-0.36,4
34,1914,-0.25,4
35,1915,0.02,4
36,1916,-0.2,4
37,1917,-0.32,4
38,1918,-0.3,4
39,1919,-0.07,4
40,1920,-0.21,4
41,1921,-0.21,4
42,1922,-0.13,4
43,1923,-0.34,4
44,1924,-0.25,4
45,1925,-0.16,4
46,1926,-0.13,4
47,1927,-0.22,4
48,1928,-0.24,4
49,1929,-0.3,4
50,1930,-0.2,4
51,1931,-0.17,4
52,1932,-0.04,4
53,1933,-0.21,4
54,1934,-0.23,4
55,1935,-0.26,4
56,1936,-0.18,4
57,1937,-0.13,4
58,1938,0.04,4
59,1939,-0.13,4
60,1940,0.13,4
61,1941,0.22,4
62,1942,0.19,4
63,1943,0.17,4
64,1944,0.27,4
65,1945,0.28,4
66,1946,0.18,4
67,1947,0.01,4
68,1948,-0.06,4
69,1949,0.01,4
70,1950,-0.17,4
71,1951,-0.09,4
72,1952,0.06,4
73,1953,0.18,4
74,1954,-0.18,4
75,1955,-0.24,4
76,1956,-0.29,4
77,1957,-0.02,4
78,1958,0.11,4
79,1959,0.12,4
80,1960,-0.1,4
81,1961,0.13,4
82,1962,0.08,4
83,1963,-0.0,4
84,1964,-0.18,4
85,1965,-0.19,4
86,1966,-0.09,4
87,1967,0.01,4
88,1968,-0.07,4
89,1969,0.19,4
90,1970,0.13,4
91,1971,-0.13,4
92,1972,0.04,4
93,1973,0.25,4
94,1974,-0.04,4
95,1975,0.08,4
96,1976,-0.02,4
97,1977,0.29,4
98,1978,0.13,4
99,1979,0.11,4
100,1980,0.31,4
101,1981,0.36,4
102,1982,0.21,4
103,1983,0.3,4
104,1984,0.15,4
105,1985,0.15,4
106,1986,0.27,4
107,1987,0.31,4
108,1988,0.45,4
109,1989,0.29,4
110,1990,0.49,4
111,1991,0.52,4
112,1992,0.3,4
113,1993,0.32,4
114,1994,0.36,4
115,1995,0.42,4
116,1996,0.28,4
117,1997,0.46,4
118,1998,0.74,4
119,1999,0.46,4
120,2000,0.63,4
121,2001,0.57,4
122,2002,0.58,4
123,2003,0.56,4
124,2004,0.6,4
125,2005,0.74,4
126,2006,0.52,4
127,2007,0.74,4
128,2008,0.49,4
129,2009,0.66,4
130,2010,0.83,4
131,2011,0.65,4
132,2012,0.73,4
133,2013,0.57,4
134,2014,0.81,4
135,2015,0.78,4
0,1880,-0.09,5
1,1881,0.01,5
2,1882,-0.16,5
3,1883,-0.15,5
4,1884,-0.14,5
5,1885,-0.29,5
6,1886,-0.17,5
7,1887,-0.25,5
8,1888,-0.17,5
9,1889,-0.03,5
10,1890,-0.39,5
11,1891,-0.14,5
12,1892,-0.3,5
13,1893,-0.33,5
14,1894,-0.3,5
15,1895,-0.21,5
16,1896,-0.09,5
17,1897,-0.02,5
18,1898,-0.3,5
19,1899,-0.12,5
20,1900,-0.04,5
21,1901,-0.13,5
22,1902,-0.27,5
23,1903,-0.39,5
24,1904,-0.43,5
25,1905,-0.29,5
26,1906,-0.21,5
27,1907,-0.47,5
28,1908,-0.4,5
29,1909,-0.46,5
30,1910,-0.31,5
31,1911,-0.48,5
32,1912,-0.23,5
33,1913,-0.4,5
34,1914,-0.17,5
35,1915,-0.07,5
36,1916,-0.22,5
37,1917,-0.45,5
38,1918,-0.28,5
39,1919,-0.18,5
40,1920,-0.17,5
41,1921,-0.19,5
42,1922,-0.27,5
43,1923,-0.25,5
44,1924,-0.19,5
45,1925,-0.22,5
46,1926,-0.13,5
47,1927,-0.22,5
48,1928,-0.18,5
49,1929,-0.29,5
50,1930,-0.2,5
51,1931,-0.16,5
52,1932,-0.17,5
53,1933,-0.21,5
54,1934,-0.05,5
55,1935,-0.21,5
56,1936,-0.11,5
57,1937,-0.02,5
58,1938,-0.02,5
59,1939,-0.04,5
60,1940,0.05,5
61,1941,0.25,5
62,1942,0.16,5
63,1943,0.13,5
64,1944,0.26,5
65,1945,0.17,5
66,1946,-0.03,5
67,1947,-0.02,5
68,1948,0.14,5
69,1949,-0.01,5
70,1950,-0.06,5
71,1951,0.06,5
72,1952,0.03,5
73,1953,0.14,5
74,1954,-0.2,5
75,1955,-0.13,5
76,1956,-0.23,5
77,1957,0.11,5
78,1958,0.1,5
79,1959,0.03,5
80,1960,-0.09,5
81,1961,0.16,5
82,1962,0.06,5
83,1963,0.01,5
84,1964,-0.1,5
85,1965,-0.08,5
86,1966,-0.03,5
87,1967,0.12,5
88,1968,-0.08,5
89,1969,0.17,5
90,1970,0.04,5
91,1971,-0.09,5
92,1972,0.02,5
93,1973,0.21,5
94,1974,-0.02,5
95,1975,0.07,5
96,1976,-0.12,5
97,1977,0.24,5
98,1978,0.06,5
99,1979,0.16,5
100,1980,0.32,5
101,1981,0.27,5
102,1982,0.2,5
103,1983,0.3,5
104,1984,0.29,5
105,1985,0.2,5
106,1986,0.25,5
107,1987,0.34,5
108,1988,0.38,5
109,1989,0.28,5
110,1990,0.43,5
111,1991,0.42,5
112,1992,0.33,5
113,1993,0.35,5
114,1994,0.38,5
115,1995,0.36,5
116,1996,0.39,5
117,1997,0.43,5
118,1998,0.67,5
119,1999,0.41,5
120,2000,0.47,5
121,2001,0.6,5
122,2002,0.57,5
123,2003,0.6,5
124,2004,0.45,5
125,2005,0.66,5
126,2006,0.55,5
127,2007,0.61,5
128,2008,0.5,5
129,2009,0.59,5
130,2010,0.76,5
131,2011,0.57,5
132,2012,0.72,5
133,2013,0.71,5
134,2014,0.8,5
135,2015,0.86,5
0,1880,-0.17,6
1,1881,-0.1,6
2,1882,-0.15,6
3,1883,-0.01,6
4,1884,-0.2,6
5,1885,-0.32,6
6,1886,-0.25,6
7,1887,-0.22,6
8,1888,-0.1,6
9,1889,-0.07,6
10,1890,-0.3,6
11,1891,-0.2,6
12,1892,-0.28,6
13,1893,-0.23,6
14,1894,-0.34,6
15,1895,-0.3,6
16,1896,-0.08,6
17,1897,-0.1,6
18,1898,-0.21,6
19,1899,-0.2,6
20,1900,-0.04,6
21,1901,-0.13,6
22,1902,-0.33,6
23,1903,-0.38,6
24,1904,-0.44,6
25,1905,-0.25,6
26,1906,-0.17,6
27,1907,-0.37,6
28,1908,-0.4,6
29,1909,-0.42,6
30,1910,-0.36,6
31,1911,-0.44,6
32,1912,-0.27,6
33,1913,-0.39,6
34,1914,-0.2,6
35,1915,-0.09,6
36,1916,-0.38,6
37,1917,-0.35,6
38,1918,-0.17,6
39,1919,-0.23,6
40,1920,-0.26,6
41,1921,-0.17,6
42,1922,-0.29,6
43,1923,-0.2,6
44,1924,-0.23,6
45,1925,-0.23,6
46,1926,-0.12,6
47,1927,-0.2,6
48,1928,-0.28,6
49,1929,-0.28,6
50,1930,-0.08,6
51,1931,-0.03,6
52,1932,-0.16,6
53,1933,-0.2,6
54,1934,-0.01,6
55,1935,-0.17,6
56,1936,-0.11,6
57,1937,0.01,6
58,1938,-0.1,6
59,1939,-0.01,6
60,1940,0.1,6
61,1941,0.16,6
62,1942,0.21,6
63,1943,0.02,6
64,1944,0.34,6
65,1945,0.14,6
66,1946,-0.1,6
67,1947,0.02,6
68,1948,-0.01,6
69,1949,-0.15,6
70,1950,-0.06,6
71,1951,0.03,6
72,1952,0.04,6
73,1953,0.13,6
74,1954,-0.12,6
75,1955,-0.07,6
76,1956,-0.15,6
77,1957,0.16,6
78,1958,0.06,6
79,1959,0.09,6
80,1960,0.08,6
81,1961,0.15,6
82,1962,0.06,6
83,1963,0.05,6
84,1964,-0.09,6
85,1965,-0.04,6
86,1966,0.06,6
87,1967,-0.03,6
88,1968,-0.02,6
89,1969,0.08,6
90,1970,0.03,6
91,1971,-0.13,6
92,1972,0.08,6
93,1973,0.2,6
94,1974,-0.04,6
95,1975,0.04,6
96,1976,-0.07,6
97,1977,0.25,6
98,1978,0.05,6
99,1979,0.22,6
100,1980,0.25,6
101,1981,0.29,6
102,1982,0.13,6
103,1983,0.27,6
104,1984,0.14,6
105,1985,0.13,6
106,1986,0.26,6
107,1987,0.31,6
108,1988,0.39,6
109,1989,0.27,6
110,1990,0.42,6
111,1991,0.48,6
112,1992,0.29,6
113,1993,0.29,6
114,1994,0.38,6
115,1995,0.47,6
116,1996,0.35,6
117,1997,0.53,6
118,1998,0.67,6
119,1999,0.42,6
120,2000,0.41,6
121,2001,0.54,6
122,2002,0.59,6
123,2003,0.54,6
124,2004,0.47,6
125,2005,0.68,6
126,2006,0.64,6
127,2007,0.54,6
128,2008,0.53,6
129,2009,0.68,6
130,2010,0.73,6
131,2011,0.65,6
132,2012,0.7,6
133,2013,0.68,6
134,2014,0.76,6
0,1880,-0.16,7
1,1881,-0.05,7
2,1882,-0.07,7
3,1883,-0.09,7
4,1884,-0.31,7
5,1885,-0.25,7
6,1886,-0.17,7
7,1887,-0.28,7
8,1888,-0.12,7
9,1889,-0.16,7
10,1890,-0.29,7
11,1891,-0.22,7
12,1892,-0.35,7
13,1893,-0.2,7
14,1894,-0.27,7
15,1895,-0.2,7
16,1896,-0.04,7
17,1897,-0.04,7
18,1898,-0.24,7
19,1899,-0.13,7
20,1900,-0.07,7
21,1901,-0.16,7
22,1902,-0.29,7
23,1903,-0.33,7
24,1904,-0.46,7
25,1905,-0.19,7
26,1906,-0.24,7
27,1907,-0.35,7
28,1908,-0.38,7
29,1909,-0.44,7
30,1910,-0.33,7
31,1911,-0.47,7
32,1912,-0.32,7
33,1913,-0.36,7
34,1914,-0.21,7
35,1915,-0.03,7
36,1916,-0.29,7
37,1917,-0.18,7
38,1918,-0.2,7
39,1919,-0.21,7
40,1920,-0.25,7
41,1921,-0.12,7
42,1922,-0.26,7
43,1923,-0.28,7
44,1924,-0.22,7
45,1925,-0.21,7
46,1926,-0.16,7
47,1927,-0.1,7
48,1928,-0.18,7
49,1929,-0.28,7
50,1930,-0.07,7
51,1931,-0.02,7
52,1932,-0.11,7
53,1933,-0.18,7
54,1934,-0.09,7
55,1935,-0.12,7
56,1936,-0.01,7
57,1937,-0.0,7
58,1938,-0.05,7
59,1939,0.0,7
60,1940,0.15,7
61,1941,0.21,7
62,1942,0.08,7
63,1943,0.19,7
64,1944,0.32,7
65,1945,0.17,7
66,1946,-0.03,7
67,1947,-0.02,7
68,1948,-0.06,7
69,1949,-0.08,7
70,1950,-0.11,7
71,1951,0.11,7
72,1952,0.07,7
73,1953,0.06,7
74,1954,-0.12,7
75,1955,-0.09,7
76,1956,-0.14,7
77,1957,0.06,7
78,1958,0.06,7
79,1959,0.06,7
80,1960,0.03,7
81,1961,0.03,7
82,1962,0.09,7
83,1963,0.14,7
84,1964,-0.11,7
85,1965,-0.08,7
86,1966,0.07,7
87,1967,-0.02,7
88,1968,-0.02,7
89,1969,0.09,7
90,1970,-0.02,7
91,1971,-0.06,7
92,1972,0.07,7
93,1973,0.12,7
94,1974,0.02,7
95,1975,0.01,7
96,1976,-0.09,7
97,1977,0.17,7
98,1978,0.07,7
99,1979,0.18,7
100,1980,0.22,7
101,1981,0.23,7
102,1982,0.15,7
103,1983,0.27,7
104,1984,0.12,7
105,1985,0.08,7
106,1986,0.17,7
107,1987,0.42,7
108,1988,0.34,7
109,1989,0.31,7
110,1990,0.35,7
111,1991,0.45,7
112,1992,0.14,7
113,1993,0.24,7
114,1994,0.32,7
115,1995,0.43,7
116,1996,0.33,7
117,1997,0.51,7
118,1998,0.73,7
119,1999,0.4,7
120,2000,0.4,7
121,2001,0.56,7
122,2002,0.62,7
123,2003,0.54,7
124,2004,0.48,7
125,2005,0.66,7
126,2006,0.63,7
127,2007,0.53,7
128,2008,0.58,7
129,2009,0.64,7
130,2010,0.72,7
131,2011,0.63,7
132,2012,0.69,7
133,2013,0.67,7
134,2014,0.7,7
0,1880,-0.08,8
1,1881,-0.06,8
2,1882,-0.01,8
3,1883,-0.06,8
4,1884,-0.28,8
5,1885,-0.25,8
6,1886,-0.23,8
7,1887,-0.32,8
8,1888,-0.17,8
9,1889,-0.15,8
10,1890,-0.34,8
11,1891,-0.23,8
12,1892,-0.33,8
13,1893,-0.32,8
14,1894,-0.27,8
15,1895,-0.22,8
16,1896,-0.06,8
17,1897,-0.07,8
18,1898,-0.23,8
19,1899,-0.06,8
20,1900,-0.07,8
21,1901,-0.13,8
22,1902,-0.26,8
23,1903,-0.43,8
24,1904,-0.43,8
25,1905,-0.22,8
26,1906,-0.23,8
27,1907,-0.33,8
28,1908,-0.48,8
29,1909,-0.31,8
30,1910,-0.34,8
31,1911,-0.46,8
32,1912,-0.46,8
33,1913,-0.33,8
34,1914,-0.18,8
35,1915,-0.08,8
36,1916,-0.28,8
37,1917,-0.17,8
38,1918,-0.17,8
39,1919,-0.21,8
40,1920,-0.23,8
41,1921,-0.19,8
42,1922,-0.28,8
43,1923,-0.28,8
44,1924,-0.29,8
45,1925,-0.14,8
46,1926,-0.09,8
47,1927,-0.11,8
48,1928,-0.2,8
49,1929,-0.21,8
50,1930,-0.09,8
51,1931,-0.02,8
52,1932,-0.18,8
53,1933,-0.19,8
54,1934,-0.05,8
55,1935,-0.1,8
56,1936,-0.06,8
57,1937,0.09,8
58,1938,-0.02,8
59,1939,0.05,8
60,1940,0.09,8
61,1941,0.17,8
62,1942,0.04,8
63,1943,0.1,8
64,1944,0.27,8
65,1945,0.36,8
66,1946,-0.07,8
67,1947,-0.07,8
68,1948,-0.03,8
69,1949,-0.03,8
70,1950,-0.14,8
71,1951,0.11,8
72,1952,0.06,8
73,1953,0.08,8
74,1954,-0.09,8
75,1955,-0.03,8
76,1956,-0.19,8
77,1957,0.13,8
78,1958,0.05,8
79,1959,0.05,8
80,1960,0.05,8
81,1961,0.03,8
82,1962,0.06,8
83,1963,0.16,8
84,1964,-0.17,8
85,1965,-0.05,8
86,1966,0.02,8
87,1967,-0.01,8
88,1968,-0.02,8
89,1969,0.1,8
90,1970,-0.02,8
91,1971,-0.07,8
92,1972,0.09,8
93,1973,0.08,8
94,1974,0.01,8
95,1975,-0.07,8
96,1976,-0.09,8
97,1977,0.14,8
98,1978,0.01,8
99,1979,0.23,8
100,1980,0.2,8
101,1981,0.25,8
102,1982,0.14,8
103,1983,0.33,8
104,1984,0.17,8
105,1985,0.13,8
106,1986,0.17,8
107,1987,0.39,8
108,1988,0.33,8
109,1989,0.3,8
110,1990,0.35,8
111,1991,0.39,8
112,1992,0.14,8
113,1993,0.21,8
114,1994,0.31,8
115,1995,0.51,8
116,1996,0.32,8
117,1997,0.54,8
118,1998,0.68,8
119,1999,0.37,8
120,2000,0.46,8
121,2001,0.61,8
122,2002,0.54,8
123,2003,0.62,8
124,2004,0.52,8
125,2005,0.63,8
126,2006,0.63,8
127,2007,0.56,8
128,2008,0.56,8
129,2009,0.7,8
130,2010,0.66,8
131,2011,0.61,8
132,2012,0.67,8
133,2013,0.67,8
134,2014,0.8,8
0,1880,-0.09,9
1,1881,-0.19,9
2,1882,-0.0,9
3,1883,-0.15,9
4,1884,-0.23,9
5,1885,-0.21,9
6,1886,-0.2,9
7,1887,-0.19,9
8,1888,-0.07,9
9,1889,-0.23,9
10,1890,-0.36,9
11,1891,-0.15,9
12,1892,-0.22,9
13,1893,-0.26,9
14,1894,-0.25,9
15,1895,-0.13,9
16,1896,-0.06,9
17,1897,-0.02,9
18,1898,-0.21,9
19,1899,-0.03,9
20,1900,-0.06,9
21,1901,-0.21,9
22,1902,-0.24,9
23,1903,-0.38,9
24,1904,-0.47,9
25,1905,-0.22,9
26,1906,-0.3,9
27,1907,-0.34,9
28,1908,-0.4,9
29,1909,-0.36,9
30,1910,-0.34,9
31,1911,-0.4,9
32,1912,-0.51,9
33,1913,-0.36,9
34,1914,-0.19,9
35,1915,-0.12,9
36,1916,-0.26,9
37,1917,-0.06,9
38,1918,-0.14,9
39,1919,-0.18,9
40,1920,-0.17,9
41,1921,-0.15,9
42,1922,-0.26,9
43,1923,-0.25,9
44,1924,-0.28,9
45,1925,-0.1,9
46,1926,-0.1,9
47,1927,-0.03,9
48,1928,-0.19,9
49,1929,-0.21,9
50,1930,-0.11,9
51,1931,-0.01,9
52,1932,-0.07,9
53,1933,-0.22,9
54,1934,-0.12,9
55,1935,-0.09,9
56,1936,-0.04,9
57,1937,0.13,9
58,1938,0.03,9
59,1939,0.01,9
60,1940,0.15,9
61,1941,0.09,9
62,1942,0.11,9
63,1943,0.14,9
64,1944,0.38,9
65,1945,0.26,9
66,1946,-0.02,9
67,1947,-0.13,9
68,1948,-0.11,9
69,1949,-0.07,9
70,1950,-0.11,9
71,1951,0.13,9
72,1952,0.07,9
73,1953,0.07,9
74,1954,-0.06,9
75,1955,-0.09,9
76,1956,-0.25,9
77,1957,0.07,9
78,1958,0.02,9
79,1959,0.1,9
80,1960,0.06,9
81,1961,-0.01,9
82,1962,0.06,9
83,1963,0.16,9
84,1964,-0.21,9
85,1965,-0.05,9
86,1966,0.03,9
87,1967,-0.03,9
88,1968,-0.01,9
89,1969,0.08,9
90,1970,0.01,9
91,1971,-0.04,9
92,1972,0.02,9
93,1973,0.06,9
94,1974,-0.04,9
95,1975,0.02,9
96,1976,-0.04,9
97,1977,0.19,9
98,1978,0.08,9
99,1979,0.25,9
100,1980,0.2,9
101,1981,0.19,9
102,1982,0.24,9
103,1983,0.32,9
104,1984,0.15,9
105,1985,0.1,9
106,1986,0.17,9
107,1987,0.44,9
108,1988,0.32,9
109,1989,0.31,9
110,1990,0.32,9
111,1991,0.39,9
112,1992,0.07,9
113,1993,0.17,9
114,1994,0.34,9
115,1995,0.39,9
116,1996,0.27,9
117,1997,0.62,9
118,1998,0.53,9
119,1999,0.4,9
120,2000,0.44,9
121,2001,0.51,9
122,2002,0.57,9
123,2003,0.64,9
124,2004,0.54,9
125,2005,0.69,9
126,2006,0.64,9
127,2007,0.58,9
128,2008,0.53,9
129,2009,0.71,9
130,2010,0.57,9
131,2011,0.6,9
132,2012,0.72,9
133,2013,0.68,9
134,2014,0.79,9
0,1880,-0.19,10
1,1881,-0.23,10
2,1882,-0.22,10
3,1883,-0.17,10
4,1884,-0.18,10
5,1885,-0.14,10
6,1886,-0.23,10
7,1887,-0.3,10
8,1888,0.01,10
9,1889,-0.2,10
10,1890,-0.31,10
11,1891,-0.29,10
12,1892,-0.25,10
13,1893,-0.21,10
14,1894,-0.21,10
15,1895,-0.13,10
16,1896,0.0,10
17,1897,-0.16,10
18,1898,-0.33,10
19,1899,-0.03,10
20,1900,0.05,10
21,1901,-0.28,10
22,1902,-0.29,10
23,1903,-0.44,10
24,1904,-0.41,10
25,1905,-0.3,10
26,1906,-0.28,10
27,1907,-0.3,10
28,1908,-0.52,10
29,1909,-0.39,10
30,1910,-0.42,10
31,1911,-0.34,10
32,1912,-0.53,10
33,1913,-0.32,10
34,1914,-0.1,10
35,1915,-0.18,10
36,1916,-0.27,10
37,1917,-0.26,10
38,1918,-0.1,10
39,1919,-0.22,10
40,1920,-0.21,10
41,1921,-0.07,10
42,1922,-0.25,10
43,1923,-0.16,10
44,1924,-0.29,10
45,1925,-0.13,10
46,1926,-0.08,10
47,1927,0.02,10
48,1928,-0.12,10
49,1929,-0.12,10
50,1930,-0.01,10
51,1931,0.01,10
52,1932,-0.09,10
53,1933,-0.19,10
54,1934,-0.07,10
55,1935,-0.01,10
56,1936,-0.02,10
57,1937,0.11,10
58,1938,0.08,10
59,1939,-0.04,10
60,1940,0.1,10
61,1941,0.31,10
62,1942,0.15,10
63,1943,0.31,10
64,1944,0.31,10
65,1945,0.26,10
66,1946,-0.01,10
67,1947,0.05,10
68,1948,-0.07,10
69,1949,-0.03,10
70,1950,-0.17,10
71,1951,0.11,10
72,1952,-0.04,10
73,1953,0.07,10
74,1954,-0.07,10
75,1955,-0.13,10
76,1956,-0.2,10
77,1957,0.01,10
78,1958,0.04,10
79,1959,-0.02,10
80,1960,0.04,10
81,1961,-0.03,10
82,1962,0.08,10
83,1963,0.21,10
84,1964,-0.27,10
85,1965,0.02,10
86,1966,-0.06,10
87,1967,0.13,10
88,1968,0.05,10
89,1969,0.07,10
90,1970,-0.04,10
91,1971,-0.08,10
92,1972,0.09,10
93,1973,0.05,10
94,1974,-0.08,10
95,1975,-0.12,10
96,1976,-0.18,10
97,1977,0.12,10
98,1978,0.07,10
99,1979,0.3,10
100,1980,0.18,10
101,1981,0.17,10
102,1982,0.18,10
103,1983,0.21,10
104,1984,0.12,10
105,1985,0.13,10
106,1986,0.21,10
107,1987,0.34,10
108,1988,0.3,10
109,1989,0.31,10
110,1990,0.43,10
111,1991,0.33,10
112,1992,0.12,10
113,1993,0.25,10
114,1994,0.43,10
115,1995,0.44,10
116,1996,0.23,10
117,1997,0.65,10
118,1998,0.49,10
119,1999,0.38,10
120,2000,0.31,10
121,2001,0.51,10
122,2002,0.48,10
123,2003,0.73,10
124,2004,0.62,10
125,2005,0.7,10
126,2006,0.68,10
127,2007,0.57,10
128,2008,0.67,10
129,2009,0.65,10
130,2010,0.62,10
131,2011,0.64,10
132,2012,0.7,10
133,2013,0.69,10
134,2014,0.79,10
0,1880,-0.27,11
1,1881,-0.22,11
2,1882,-0.14,11
3,1883,-0.17,11
4,1884,-0.28,11
5,1885,-0.14,11
6,1886,-0.2,11
7,1887,-0.17,11
8,1888,-0.05,11
9,1889,-0.29,11
10,1890,-0.35,11
11,1891,-0.39,11
12,1892,-0.47,11
13,1893,-0.17,11
14,1894,-0.29,11
15,1895,-0.16,11
16,1896,-0.16,11
17,1897,-0.26,11
18,1898,-0.25,11
19,1899,0.14,11
20,1900,-0.14,11
21,1901,-0.14,11
22,1902,-0.35,11
23,1903,-0.39,11
24,1904,-0.17,11
25,1905,-0.09,11
26,1906,-0.37,11
27,1907,-0.51,11
28,1908,-0.48,11
29,1909,-0.28,11
30,1910,-0.5,11
31,1911,-0.26,11
32,1912,-0.42,11
33,1913,-0.14,11
34,1914,-0.12,11
35,1915,-0.01,11
36,1916,-0.4,11
37,1917,-0.14,11
38,1918,-0.11,11
39,1919,-0.32,11
40,1920,-0.25,11
41,1921,-0.19,11
42,1922,-0.19,11
43,1923,0.03,11
44,1924,-0.29,11
45,1925,0.06,11
46,1926,-0.07,11
47,1927,-0.04,11
48,1928,-0.07,11
49,1929,-0.1,11
50,1930,0.14,11
51,1931,-0.12,11
52,1932,-0.2,11
53,1933,-0.25,11
54,1934,0.01,11
55,1935,-0.27,11
56,1936,-0.03,11
57,1937,0.01,11
58,1938,0.0,11
59,1939,0.04,11
60,1940,0.1,11
61,1941,0.22,11
62,1942,0.17,11
63,1943,0.24,11
64,1944,0.14,11
65,1945,0.19,11
66,1946,-0.01,11
67,1947,-0.03,11
68,1948,-0.06,11
69,1949,-0.06,11
70,1950,-0.36,11
71,1951,0.02,11
72,1952,-0.2,11
73,1953,-0.06,11
74,1954,0.04,11
75,1955,-0.24,11
76,1956,-0.16,11
77,1957,0.12,11
78,1958,0.09,11
79,1959,-0.08,11
80,1960,-0.05,11
81,1961,0.01,11
82,1962,0.07,11
83,1963,0.19,11
84,1964,-0.2,11
85,1965,-0.09,11
86,1966,-0.05,11
87,1967,-0.02,11
88,1968,0.02,11
89,1969,0.19,11
90,1970,0.02,11
91,1971,0.04,11
92,1972,0.08,11
93,1973,0.02,11
94,1974,-0.07,11
95,1975,-0.15,11
96,1976,-0.04,11
97,1977,0.26,11
98,1978,0.23,11
99,1979,0.3,11
100,1980,0.33,11
101,1981,0.22,11
102,1982,0.15,11
103,1983,0.44,11
104,1984,0.04,11
105,1985,0.12,11
106,1986,0.16,11
107,1987,0.34,11
108,1988,0.23,11
109,1989,0.26,11
110,1990,0.48,11
111,1991,0.32,11
112,1992,0.09,11
113,1993,0.1,11
114,1994,0.45,11
115,1995,0.46,11
116,1996,0.29,11
117,1997,0.58,11
118,1998,0.41,11
119,1999,0.37,11
120,2000,0.26,11
121,2001,0.69,11
122,2002,0.59,11
123,2003,0.58,11
124,2004,0.76,11
125,2005,0.73,11
126,2006,0.65,11
127,2007,0.52,11
128,2008,0.67,11
129,2009,0.67,11
130,2010,0.77,11
131,2011,0.48,11
132,2012,0.71,11
133,2013,0.83,11
134,2014,0.69,11
0,1880,-0.09,12
1,1881,-0.06,12
2,1882,-0.18,12
3,1883,-0.08,12
4,1884,-0.16,12
5,1885,0.04,12
6,1886,-0.17,12
7,1887,-0.21,12
8,1888,0.04,12
9,1889,-0.19,12
10,1890,-0.25,12
11,1891,-0.04,12
12,1892,-0.47,12
13,1893,-0.25,12
14,1894,-0.24,12
15,1895,-0.07,12
16,1896,0.06,12
17,1897,-0.29,12
18,1898,-0.01,12
19,1899,-0.17,12
20,1900,0.03,12
21,1901,-0.24,12
22,1902,-0.36,12
23,1903,-0.39,12
24,1904,-0.24,12
25,1905,-0.13,12
26,1906,-0.15,12
27,1907,-0.39,12
28,1908,-0.38,12
29,1909,-0.41,12
30,1910,-0.57,12
31,1911,-0.25,12
32,1912,-0.36,12
33,1913,-0.04,12
34,1914,-0.1,12
35,1915,-0.05,12
36,1916,-0.58,12
37,1917,-0.54,12
38,1918,-0.32,12
39,1919,-0.3,12
40,1920,-0.39,12
41,1921,-0.09,12
42,1922,-0.16,12
43,1923,0.0,12
44,1924,-0.4,12
45,1925,0.14,12
46,1926,-0.21,12
47,1927,-0.31,12
48,1928,-0.17,12
49,1929,-0.51,12
50,1930,-0.0,12
51,1931,-0.11,12
52,1932,-0.19,12
53,1933,-0.41,12
54,1934,-0.03,12
55,1935,-0.17,12
56,1936,-0.02,12
57,1937,-0.09,12
58,1938,-0.25,12
59,1939,0.41,12
60,1940,0.27,12
61,1941,0.21,12
62,1942,0.15,12
63,1943,0.35,12
64,1944,0.09,12
65,1945,-0.05,12
66,1946,-0.27,12
67,1947,-0.14,12
68,1948,-0.11,12
69,1949,-0.19,12
70,1950,-0.18,12
71,1951,0.21,12
72,1952,-0.01,12
73,1953,0.05,12
74,1954,-0.19,12
75,1955,-0.27,12
76,1956,-0.16,12
77,1957,0.23,12
78,1958,0.14,12
79,1959,-0.04,12
80,1960,0.23,12
81,1961,-0.02,12
82,1962,0.09,12
83,1963,0.08,12
84,1964,-0.26,12
85,1965,-0.01,12
86,1966,-0.13,12
87,1967,-0.04,12
88,1968,-0.04,12
89,1969,0.25,12
90,1970,-0.1,12
91,1971,-0.02,12
92,1972,0.25,12
93,1973,0.03,12
94,1974,-0.1,12
95,1975,-0.09,12
96,1976,0.09,12
97,1977,0.11,12
98,1978,0.15,12
99,1979,0.51,12
100,1980,0.27,12
101,1981,0.42,12
102,1982,0.44,12
103,1983,0.28,12
104,1984,-0.09,12
105,1985,0.2,12
106,1986,0.22,12
107,1987,0.53,12
108,1988,0.36,12
109,1989,0.4,12
110,1990,0.45,12
111,1991,0.31,12
112,1992,0.29,12
113,1993,0.32,12
114,1994,0.41,12
115,1995,0.35,12
116,1996,0.39,12
117,1997,0.63,12
118,1998,0.58,12
119,1999,0.58,12
120,2000,0.32,12
121,2001,0.52,12
122,2002,0.44,12
123,2003,0.74,12
124,2004,0.51,12
125,2005,0.62,12
126,2006,0.77,12
127,2007,0.49,12
128,2008,0.57,12
129,2009,0.62,12
130,2010,0.48,12
131,2011,0.54,12
132,2012,0.46,12
133,2013,0.7,12
134,2014,0.84,12
